timestamp,tweet_text,username,all_hashtags,followers_count
2020-11-10 21:55:28,"b'Please join our zoom webinar panel discussing Sports and Peace, on Thursday, November 12, 11:00 am - 12:30 pm Washington DC time https://t.co/vthXWBK0g3 We can all contribute to make the world a more tolerant and peaceful place  #sports #Peace #conflict https://t.co/TK1nX2X8n8'",b'vladspencer',"['sports', 'Peace', 'conflict']",150
2020-11-10 21:38:38,b'#antigovernmentprotest: ------------- PERU: Protests were held in various cities after the decision of the Peruvian Congress to impeach... ------------- Tags: #protest #massprotest #conflict #conflictnews #politics #Peru #MartinVizcarra https://t.co/LB5lgSSYoV',b'globalgeopolit1',"['antigovernmentprotest', 'protest', 'massprotest', 'conflict', 'conflictnews', 'politics', 'Peru', 'MartinVizcarra']",323
2020-11-10 20:42:49,"b'#geopolitical: ------------- NAGORNO-KARABAKH: Armenia has signed a peace deal with Azerbaijan and Russia, bringing... ------------- Tags: #geopolitic #geopoliticalconflict #conflict #conflictnews #politics #NagornoKarabakh #Azerbaijan #Armenia #peacedeal https://t.co/DNEhhDPy2F'",b'globalgeopolit1',"['geopolitical', 'geopolitic', 'geopoliticalconflict', 'conflict', 'conflictnews', 'politics', 'NagornoKarabakh', 'Azerbaijan', 'Armenia', 'peacedeal']",323
2020-11-10 20:30:24,"b'People get uncomfortable when someone is angry, but it may provide advantages in conflict engagement. https://t.co/tN5R7zRn4c #anger #conflict #success #positiveanger #emotion #eq #respectfullydisagree #respectfuldisagreement #angermanagement #conflictengagement https://t.co/DH5Fav6wVU'",b'imassoc',"['anger', 'conflict', 'success', 'positiveanger', 'emotion', 'eq', 'respectfullydisagree', 'respectfuldisagreement', 'angermanagement', 'conflictengagement']",4103
2020-11-10 20:16:06,"b'If you hate #conflict as much as I do, you may be interested in learning how I made this shift. For years, every time I encountered serious conflict, I did two things &gt;&gt;&gt; https://t.co/GwCr1bwFFE #conflictmanagement https://t.co/D8MEcGBMB0'",b'JeannieClarkson',"['conflict', 'conflictmanagement']",12185
2020-11-10 20:15:24,b'Toxic people threaten our inner peace. Manage interactions better with these 7 strategies. https://t.co/xBEHR9jUfW #conflict #conflictresolution #rude #toxicpeople #eq #peaceful #peacefulsolutions #toxic #listen #listeningskills #solveit https://t.co/YYVryJc1RK https://t.co/VEcTSdvLqY',b'imassoc',"['conflict', 'conflictresolution', 'rude', 'toxicpeople', 'eq', 'peaceful', 'peacefulsolutions', 'toxic', 'listen', 'listeningskills', 'solveit']",4103
2020-11-10 20:02:10,b'Did you know that your bad habits can get in the way of your success? https://t.co/a9rDdEYGtt  #engineering #automotive #sales #habits #team #HR #denver #timemanagement #businessowner #remoteleader #conversations #conflict #teammanagement #teamresults #successhabits https://t.co/QulOaP6Aka',b'bizsavvycoach',"['engineering', 'automotive', 'sales', 'habits', 'team', 'HR', 'denver', 'timemanagement', 'businessowner', 'remoteleader', 'conversations', 'conflict', 'teammanagement', 'teamresults', 'successhabits']",21505
2020-11-10 19:42:23,"b'Farmer-herder #conflict: open your eyes, change the narrative, find solutions, via @IIED https://t.co/1Os1LUVKoj   #pastoralism'",b'PENHANetwork',"['conflict', 'pastoralism']",347
2020-11-10 19:40:32,b'A Plan to Divide the Family Business via @WSJ https://t.co/uJl9iuGrNP #FamilyBusiness #FamBiz #EstatePlanning #Conflict',b'FamBizDoctor',"['FamilyBusiness', 'FamBiz', 'EstatePlanning', 'Conflict']",13176
2020-11-10 19:37:40,b'This is a good message by the way #AbiyAhmedAli #TPLF #Ethiopia #conflict #peace #negociation https://t.co/MRpwxQw2Rn',b'Jemaln',"['AbiyAhmedAli', 'TPLF', 'Ethiopia', 'conflict', 'peace', 'negociation']",92
2020-11-10 19:19:37,"b'#Farmer-#herder #conflict: open your eyes, change the narrative, find solutions.  New #research uproots deep-set trend to help understand increasing #violence in #dryland #Africa through the lens of \xe2\x80\x98farmer-herder conflict\xe2\x80\x99.   via @IIED https://t.co/k9VIBDNhMx'",b'DannyWijnhoud',"['Farmer', 'herder', 'conflict', 'research', 'violence', 'dryland', 'Africa']",6602
2020-11-10 18:21:28,b'\xe2\x80\x98Weapons not only damage human bodies but also human minds\xe2\x80\x99 @alma_osta  on persons with #disabilities in situations of armed #conflict. https://t.co/C8e6bQlv19 @BalsillieSIA @ploughshares_ca @Conrad_Grebel @UWaterloo',b'LAgeeva',"['disabilities', 'conflict']",69
2020-11-10 18:07:40,b'#IHL offers protection to persons with #disabilities in situations of armed #conflict. What is hard to fight is perception of disability - Maj Simon Mailloux @BalsillieSIA @ploughshares_ca @Conrad_Grebel @UWaterloo',b'LAgeeva',"['IHL', 'disabilities', 'conflict']",69
2020-11-10 18:01:35,b'Khalifa Haftar retained the ability to block oil exports in Libya. https://t.co/2ss02AUhjL  #Africa #NorthAfrica #Libya #Tripoli #Maghreb #MENA #security #defence #defense #oilandgas #oil #energy #KhalifaHaftar #Haftar #LibyanNationalArmy #LNA #conflict #exports #oilexports #war https://t.co/EFk2QA3jUj',b'GIS_Reports',"['Africa', 'NorthAfrica', 'Libya', 'Tripoli', 'Maghreb', 'MENA', 'security', 'defence', 'defense', 'oilandgas', 'oil', 'energy', 'KhalifaHaftar', 'Haftar', 'LibyanNationalArmy', 'LNA', 'conflict', 'exports', 'oilexports', 'war']",6611
2020-11-10 17:14:36,b'Armenia - Azerbaijan and Armenia agree full ceasefire in Nagorno-Karabakh.  Armenia and Azerbaijan have signed a ceasefire agreement.  #armenia #azerbaijan #news #ceasefire #agreement #conflict #territory #security #praesidioltd   https://t.co/ICFNd5r3xc https://t.co/TaZQQDQnds',b'PraesidioLtd',"['armenia', 'azerbaijan', 'news', 'ceasefire', 'agreement', 'conflict', 'territory', 'security', 'praesidioltd']",53
2020-11-10 17:07:35,b'Ethiopia - \xe2\x80\x98Hundreds dead\xe2\x80\x99 as conflict in Ethiopia\xe2\x80\x99s Tigray worsens.  An escalating conflict in Ethiopia\xe2\x80\x99s restive Tigray region has killed hundreds of people.  #ethiopia #news #conflict #primeminister #military #operation #security #praesidioltd   https://t.co/jCqy9U7q0G https://t.co/1Ar7OMI27a',b'PraesidioLtd',"['ethiopia', 'news', 'conflict', 'primeminister', 'military', 'operation', 'security', 'praesidioltd']",53
2020-11-10 17:00:00,"b'Increasingly, #AI + facial recognition, gait analysis &amp; mobile biometrics can analyze the faces and bodies of individuals in moving crowds. Read #AI &amp; Data-Capture Tech in #Violence &amp; #Conflict #Prevention https://t.co/9chtjOez6E @francibosco @beauwoods @mvollmer1 @johnchavens https://t.co/veskYtkakG'",b'AI_RRI_Ethics',"['AI', 'AI', 'Violence', 'Conflict', 'Prevention']",2596
2020-11-10 16:55:10,b'Avoid these 7 #management #mistakes at all costs: https://t.co/3PJXQIJ5Fz   #burnout #conflict #micromanagement #outbursts #leadership #leader #business #organization',b'AITSNewsletter',"['management', 'mistakes', 'burnout', 'conflict', 'micromanagement', 'outbursts', 'leadership', 'leader', 'business', 'organization']",2522
2020-11-10 16:49:36,"b'Reuters - Afghan security forces kill Al Qaeda leader, accuse Taliban of harbouring him https://t.co/EfOehFCDnz #Afghanistan #AFG #ANSDF #AlQaeda #Taliban #Farah #war #conflict #Terrorism'",b'AFG_in_Media',"['Afghanistan', 'AFG', 'ANSDF', 'AlQaeda', 'Taliban', 'Farah', 'war', 'conflict', 'Terrorism']",858
2020-11-10 16:43:35,"b'Workplace conflict expert Bonnie Artman-Fox is my guest today.  Her new book is launching today called ""How Did My FAMILY Get In My OFFICE?!"" Very insightful interview. #workplaceconflict #conflict #familyhistory https://t.co/61KMIkm43E https://t.co/uzo190IOWN'",b'LFSPPodcast',"['workplaceconflict', 'conflict', 'familyhistory']",32
2020-11-10 16:21:15,b'One week to go @TUDublin_BN for this event @AfriPeace and third-year CYD students and supporting lecturers.   https://t.co/yItpkUOsdx #3rdyrCYD #HumanRights #Racism #Conflict #Sustainability #Afripeace #SDGs #collaborations https://t.co/xcHaiKvo3e',b'mdillon283',"['3rdyrCYD', 'HumanRights', 'Racism', 'Conflict', 'Sustainability', 'Afripeace', 'SDGs', 'collaborations']",153
2020-11-10 16:16:06,"b'\xe2\x80\x9cWhen there is trust, conflict becomes nothing but the pursuit of truth, an attempt to find the best possible answer.\xe2\x80\x9d -Patrick M. Lencioni  #Trust #Conflict #TerrificTuesday #Truth https://t.co/CmyHT49inJ'",b'EllenTeam',"['Trust', 'Conflict', 'TerrificTuesday', 'Truth']",834
2020-11-10 15:33:37,"b""#Astrology pattern of #Venus opposed by #Mars in effect this week. Planet of #Guidance, #Advice &amp; #Advisors being 'attacked' by the planet of #Conflict =Bad for advisors. #EsperFired, etc. Details: https://t.co/exNpRmlckL""",b'AstroNewsReport',"['Astrology', 'Venus', 'Mars', 'Guidance', 'Advice', 'Advisors', 'Conflict', 'EsperFired']",897
2020-11-10 15:25:10,b'How to solve intercultural #conflict? We can start by building rapport and learning about common cultural differences. https://t.co/vilRA55bo3',b'HarvardNegoti8',['conflict'],10256
2020-11-10 15:23:10,"b'Address #knowledge_gaps in #humanitarian_health, with an emphasis on #conflict and #violence settings, share information on successful approaches and lessons learned, to improve health and well-being, and #strengthen #health_system capacities to advance transformative #resilience https://t.co/15o5vAJKas'",b'CBcheraoui',"['knowledge_gaps', 'humanitarian_health', 'conflict', 'violence', 'strengthen', 'health_system', 'resilience']",0
2020-11-10 15:15:18,b'Everything DiSC\xc2\xae Productive Conflict helps participants improve self-awareness around #conflict behaviors. Check it out here -&gt; https://t.co/3EeB95KbGk https://t.co/1D8xyzYENh',b'ClaudioGT',['conflict'],55141
2020-11-10 15:11:02,"b'There is much more to learn on the nexus of #climate, #COVID19, #fragility and #conflict in deeply divided #societies. My short opinion article takes a look at the ways in which we might begin to unpack this nexus across #LakeChad&gt;&gt;&gt;https://t.co/nyYZZWPD6a'",b'uche4purpose',"['climate', 'COVID19', 'fragility', 'conflict', 'societies', 'LakeChad']",577
2020-11-10 15:01:34,b'GETTING STARTED REBOOT - 010 - Thou Shall Not Pass https://t.co/keATT0yAZm via #communication #conflict #depression #Motivation',b'runningraw',"['communication', 'conflict', 'depression', 'Motivation']",3547
2020-11-10 15:01:32,b'Please help echo the call by aid agencies for urgent action to avert major #famines in #BurkinaFaso #Niger #SouthSudan and #Yemen. These disasters are driven by protracted #conflict and lack of #humanitarian access to communities in need.   More here:  https://t.co/FgDPfNBuxM',b'cheffernan_LIDC',"['famines', 'BurkinaFaso', 'Niger', 'SouthSudan', 'Yemen', 'conflict', 'humanitarian']",304
2020-11-10 15:01:12,"b'Feast of St. Leo the Great  ""Virtue is nothing without the trial of temptation, for there is no conflict without an enemy, no victory without strife."" - St. Leo the Great - #feast #feastday #stleothegreat #virture #trial #temptation #conflict #enemy #victory #strife #catholic https://t.co/8DK3W521rx'",b'ShrineofStJude',"['feast', 'feastday', 'stleothegreat', 'virture', 'trial', 'temptation', 'conflict', 'enemy', 'victory', 'strife', 'catholic']",133523
2020-11-10 14:55:22,b'Starting in 2 hours 5th annual #IHL Waterloo Conference where we will discuss protection of persons with #disabilities in situations of armed #conflict. Last minute registration \xe2\x9e\xa1\xef\xb8\x8f https://t.co/C8e6bQlv19 @BalsillieSIA @ploughshares_ca @Conrad_Grebel @UWaterloo @redcrosscanada',b'LAgeeva',"['IHL', 'disabilities', 'conflict']",69
2020-11-10 14:35:57,"b'Meanwhile, Bashir chache talking to Ahmad uncle ""Wain sudhran Kasheeri Halat, Bidden nan zeun"" \xf0\x9f\x99\x84 My Kashmiris trying to find hope everywhere. #kashmir #conflict #election #Kashmiris'",b'Tabish_nKhan',"['kashmir', 'conflict', 'election', 'Kashmiris']",65
2020-11-10 14:19:17,b'Check out my latest article: This is how to overcome the irrational in a negotiation   #negotiation #negotiations #negotiationskills #negotiationtraining  #conflict #conflictresolution #conferencespeaker #disputes #collaborate   https://t.co/7wljTaZBgA via @LinkedIn',b'MikeGregConsult',"['negotiation', 'negotiations', 'negotiationskills', 'negotiationtraining', 'conflict', 'conflictresolution', 'conferencespeaker', 'disputes', 'collaborate']",247
2020-11-10 14:16:03,b'#EU: We welcome ending of #NagornoKarabakh #conflict https://t.co/vCSrXhQwbP',b'raulkiria1',"['EU', 'NagornoKarabakh', 'conflict']",650
2020-11-10 14:15:40,b'Are you one of them? \xf0\x9f\x98\xac Stop dealing with the drama. Just call \xe2\x98\x8e\xef\xb8\x8f me. #WorkPlaceCulture #communication #conflict https://t.co/CFcSGyBhuI',b'KmmDisc',"['WorkPlaceCulture', 'communication', 'conflict']",1793
2020-11-10 14:14:34,"b'How do you manage conflict in your relationships? Launching our latest theme - we explore conflict everywhere - beginning with those closest to you. In our podcast, we offer a few ideas...enjoy! #conflict #podcasts #relationships  - https://t.co/jQ9OALCf2z https://t.co/bj42bN9jOV'",b'More2LifeWith',"['conflict', 'podcasts', 'relationships']",78
2020-11-10 14:00:03,b'@SpeakerPelosi Are you the CEO of Dominion?  #conflict of interest to own voter software when you are voted in.  #commonsense I still have it',b'SzInvestor',"['conflict', 'commonsense']",41
2020-11-10 13:57:06,"b'Mapping Ceasefire and Peace accord of 9 November. Following the capture of #Shusha, the deal was signed between Aliyev, Pashinyan, and Putin, ending all hostilities in the zone of the Nagorno-Karabakh #conflict from 00:00 Moscow time!  #NagornoKarabakh  #NagornoKarabakhWar https://t.co/dtDt3peMQb'",b'HaKazemzadeh',"['Shusha', 'conflict', 'NagornoKarabakh', 'NagornoKarabakhWar']",241
2020-11-10 13:55:23,b'Looking forward to speaking at the Annual @civil_mediation CMC Conference about Mediation:The New Normal tomorrow  #mediation #conflict #workplace',b'DionneD_RAW',"['mediation', 'conflict', 'workplace']",217
2020-11-10 13:54:19,"b'3. Given the intensive armed #conflict that is going on in Southern and Eastern #Ethiopia, the country may enter a full-blown civil war.  A dangerous move and heinous crime by #NobelPeacePrize ""winner"" of 2019. #Tigray 3.'",b'solomon_negash',"['conflict', 'Ethiopia', 'NobelPeacePrize', 'Tigray']",303
2020-11-10 13:39:38,"b""Assessing the motive and reasoning behind Russia's intervention in the #Karabagh #conflict https://t.co/RjEOIcllCY""",b'GeorgeXplores',"['Karabagh', 'conflict']",10
2020-11-10 13:30:40,b'[BLOG] Conflict Resolution During Coronavirus\xe2\x80\xa6 A #HR #Coronavirus #Staff #Customer #Conflict Management BLOG by Simon Morgan at HR Dept. @HRRescuer #Kent #London #Business; https://t.co/x1QG7hBs24 https://t.co/vY7e7i1QTl',b'supplymybiz',"['HR', 'Coronavirus', 'Staff', 'Customer', 'Conflict', 'Kent', 'London', 'Business']",4325
2020-11-10 13:26:49,b'Forgotten Exclaves of Azerbaijan  Burak \xc3\x87al\xc4\xb1\xc5\x9fkan \xe2\x96\xaa Commentary  To read the full article please visit our web site:  https://t.co/DSNYZ3Frm7  #azerbaijan #armenia #karki #sofulu #Karabakh #conflict #occupation https://t.co/6O8CZGcsh4',b'insamerenglish',"['azerbaijan', 'armenia', 'karki', 'sofulu', 'Karabakh', 'conflict', 'occupation']",452
2020-11-10 13:16:19,b'Anger is impacting every aspect of our society and workplaces these days. Discover how Everything DiSC\xc2\xae Productive Conflict transforms uncomfortable encounters into stronger relationships and results. Schedule a FREE call to learn more. #leadership #conflict https://t.co/JS8kJ4lhT4',b'kenbyler',"['leadership', 'conflict']",4216
2020-11-10 13:12:41,"b""When disagreement turns into disrespect we've moved away from love. #conflict #politics #political #ElectionResults2020 #elections #PresidentialElection2020 #USElection2020 #USElectionResults2020 #Americans #fighting #accusation #ConspiracyTheories #conspiracytheory #tuesdayvibe""",b'CSteveSimms',"['conflict', 'politics', 'political', 'ElectionResults2020', 'elections', 'PresidentialElection2020', 'USElection2020', 'USElectionResults2020', 'Americans', 'fighting', 'accusation', 'ConspiracyTheories', 'conspiracytheory', 'tuesdayvibe']",4402
2020-11-10 13:09:01,b'.@DCN_Canada - thought provoking article on how #conflict can be #resolved with simplistic #strategies when #negotiating. https://t.co/od4Xireyi9',b'Red_Sheet',"['conflict', 'resolved', 'strategies', 'negotiating']",520
2020-11-10 13:05:39,b'Hate groups feed on the left\xe2\x80\x99s cancel culture...said with \xe2\x81\xa6@SarahKSilverman\xe2\x81\xa9 sass. #conflict #CancelCulture #healing #peacebuilding #BLM  https://t.co/tIP2PMklYX',b'SarahFederman',"['conflict', 'CancelCulture', 'healing', 'peacebuilding', 'BLM']",850
2020-11-10 13:03:22,"b'Thousands died in the six-week #war and given the decades-long history of the region, it\xe2\x80\x99s likely it may not be the end of the #conflict. #Armenia #Azerbaijan #Turkey #Russia #Israel  https://t.co/OLGEKQ6a2v'",b'JlemDateline',"['war', 'conflict', 'Armenia', 'Azerbaijan', 'Turkey', 'Russia', 'Israel']",8547
2020-11-10 12:58:39,b'#Conflict in #Karabakh ends as #Armenia Signs \xe2\x80\x98Painful\xe2\x80\x99 Deal With #Azerbaijan and #Russia  https://t.co/LASJPW439k',b'INAffairsReview',"['Conflict', 'Karabakh', 'Armenia', 'Azerbaijan', 'Russia']",51
2020-11-10 12:57:15,b'@KremlinRussia shows again #putin is one of the most powerful and effective geopolitical resolvers in the world.   #putin #russia #EU #Azerbaijan #Armenia #conflict #Libya #Erdogan #turkey #syria https://t.co/r73m0JvOR0',b'VinxCoin',"['putin', 'putin', 'russia', 'EU', 'Azerbaijan', 'Armenia', 'conflict', 'Libya', 'Erdogan', 'turkey', 'syria']",417
2020-11-10 12:55:28,"b'Join us today for an #online event on #business-related #humanrights abuse in #conflict and #postconflict contexts, during which we will discuss the new @WGBizHRs report on this issue.   Event co-organised by @QuakerUNOffice @FESonline &amp; @Geneva_Academy  https://t.co/3dAzkp7fNT https://t.co/Mfs05NvXkj'",b'alice_munnelly',"['online', 'business', 'humanrights', 'conflict', 'postconflict']",108
2020-11-10 12:55:11,b'@Swedwatch joins discussions today on #business-related #humanrights abuse in #conflict &amp; #postconflict contexts and the new @WGBizHRs report https://t.co/UXByrQngSS',b'Swedwatch',"['business', 'humanrights', 'conflict', 'postconflict']",3184
2020-11-10 12:54:12,"b'""The First One to Scream, Loses - Conflict Management Techniques for Parents"" #ebook https://t.co/CgtwKdoDWo #ChildrensBooks #parenting #lifeskills #feelings #FeelingMyself #spirituality #kidsbooks #selfimprovement #Selfesteem @Asaf_Shani #responsibility #conflict #teens'",b'Asaf_Shani',"['ebook', 'ChildrensBooks', 'parenting', 'lifeskills', 'feelings', 'FeelingMyself', 'spirituality', 'kidsbooks', 'selfimprovement', 'Selfesteem', 'responsibility', 'conflict', 'teens']",55297
2020-11-10 12:53:54,"b'""The Matrix Of Conflict: Escaping the Matrix by understanding why we get trapped in confrontational situations"" #ebook https://t.co/LUuIx0odWj #thematrix #negotiation #conflict #strategy #tactical #Management #selfhelp #winning #iwin #leadership #leadershipskills @Asaf_Shani'",b'Asaf_Shani',"['ebook', 'thematrix', 'negotiation', 'conflict', 'strategy', 'tactical', 'Management', 'selfhelp', 'winning', 'iwin', 'leadership', 'leadershipskills']",55297
2020-11-10 12:53:44,"b'""That\'s No Way To Negotiate! - Common Negotiation Mistakes And What You Can Do To Avoid Them"" #ebook https://t.co/kO0JwqwyYJ #negotiation #conflict #strategy #tactical #Management #selfhelp #winning #iwin @Asaf_Shani'",b'Asaf_Shani',"['ebook', 'negotiation', 'conflict', 'strategy', 'tactical', 'Management', 'selfhelp', 'winning', 'iwin']",55297
2020-11-10 12:53:10,"b'\xe2\x80\x9cNegotiation Tactics - Levers, Guns &amp; Sanctions: Pre Negotiation Moves to Bring Reluctant Parties to Collaboration\xe2\x80\x9d #ebook https://t.co/cLoSq1on0A #negotiation #conflict #strategy #tactical #Management #selfhelp #winning #iwin @Asaf_Shani'",b'Asaf_Shani',"['ebook', 'negotiation', 'conflict', 'strategy', 'tactical', 'Management', 'selfhelp', 'winning', 'iwin']",55297
2020-11-10 12:52:58,"b'""The I Win Negotiation &amp; Conflict Approach: Compromise Less And Win More with A Better Alternative To The Win-Win Approach"" #ebook  https://t.co/cjUQeJuUy3 #negotiation #conflict #strategy #tactical #Management #selfhelp #winning #iwin @Asaf_Shani'",b'Asaf_Shani',"['ebook', 'negotiation', 'conflict', 'strategy', 'tactical', 'Management', 'selfhelp', 'winning', 'iwin']",55297
2020-11-10 12:52:46,"b'""Negotiation Manipulation Moves: Smart And Acceptable Manipulation Tactics You Can Employ To Turn The Negotiation Odds In Your Favor"" #ebook  https://t.co/AyhhfkOVwm #negotiation #conflict #strategy #tactical #Management #selfhelp #winning @Asaf_Shani'",b'Asaf_Shani',"['ebook', 'negotiation', 'conflict', 'strategy', 'tactical', 'Management', 'selfhelp', 'winning']",55297
2020-11-10 12:52:35,b'\xe2\x80\x9cKid-Friendly Ways to Change Behavior - Fun Conflict Management Tactics for Parents\xe2\x80\x9d https://t.co/UUWFoDW0LL #ebook #conflict #parenting #Parents #education #fun #Selfesteem @Asaf_Shani',b'Asaf_Shani',"['ebook', 'conflict', 'parenting', 'Parents', 'education', 'fun', 'Selfesteem']",55297
2020-11-10 12:33:37,b'\xe2\x80\x9cWhen Buried Anger Leads to Depression &amp; How To Heal\xe2\x80\x9d #anger #gratitude #guilt #emotions #depression #thechangetriangle #ambivalence #emotionalhealth #conflict  https://t.co/ItUToXNfTX',b'HilaryJHendel',"['anger', 'gratitude', 'guilt', 'emotions', 'depression', 'thechangetriangle', 'ambivalence', 'emotionalhealth', 'conflict']",8937
2020-11-10 12:30:16,"b""#ManagementTip: As a new or future #manager it's important to remember what truly #motivates #people; it's not always about #money: https://t.co/1mR4RvZvuy #development #motivation #delegation #assertive #conflict #feelings #emotions #communication #learning #bethebestyoucanbe https://t.co/ktt1lFmFEe""",b'TargetTrgAssoc',"['ManagementTip', 'manager', 'motivates', 'people', 'money', 'development', 'motivation', 'delegation', 'assertive', 'conflict', 'feelings', 'emotions', 'communication', 'learning', 'bethebestyoucanbe']",1444
2020-11-10 12:25:13,"b""We've been talking about #contact theory, in terms of how #prejudice and #conflict between groups declines when members of different faith and #belief groups interact with one other, and how non-faith/faith communities might facilitate more contact and exchange.  #FaithBelief2040""",b'CumberlandLodge',"['contact', 'prejudice', 'conflict', 'belief', 'FaithBelief2040']",4175
2020-11-10 12:16:23,"b'\xf0\x9f\x94\x9cHappening TOMORROW\xe2\x9a\xa0\xef\xb8\x8f #FSCluster global #partners mtg &amp;\xf0\x9f\x94\x9fyr anniversary!\xf0\x9f\xa5\xb3   Join us on Zoom to discuss #foodsecurity coordination, #COVID19,#conflict,#climatechange &amp;much more \xf0\x9f\x91\x87 \xf0\x9f\x97\x93\xef\xb8\x8f11&amp;12 Nov \xe2\x8f\xb0 1-4pm CET \xe2\x9c\x85REGISTER: https://t.co/VmTeygG6QJ   #InvestInHumanity #FSCluster10years https://t.co/uE1TnIrIP8'",b'FSCluster',"['FSCluster', 'partners', 'foodsecurity', 'COVID19', 'conflict', 'climatechange', 'InvestInHumanity', 'FSCluster10years']",3933
2020-11-10 12:12:20,b'#Conflict Mismanagement: Jilted Wife eats $7000 https://t.co/ELMqUdI7Qw #divorce',b'ksgrossman',"['Conflict', 'divorce']",1580
2020-11-10 12:04:45,"b'@cher Why are you getting all worked up? Look at the photo. Your people are leaving the #conflict zone while in their cars and warmth, with their stuff packed. My people, #Azerbaijani people, were forced to flee unexpectedly, during the night, barely dressed in the freezing cold...'",b'iamjahan84',"['conflict', 'Azerbaijani']",91
2020-11-10 12:00:10,b'South-West Leaders Call For Security Overhauling @THISDAYLIVE: https://t.co/AkBpVU84Gr #Nigeria #conflict #EndSARS #governance #conflict #humanrights https://t.co/Ax0J1dPzrv',b'allafrica',"['Nigeria', 'conflict', 'EndSARS', 'governance', 'conflict', 'humanrights']",424417
2020-11-10 10:02:15,"b""@HMaksak  on the #EU's role in #conflict resolution in the Eastern Partnership #EaP @eapcsf @EaPCivilSociety https://t.co/VF1okwW9YW""",b'prismUA',"['EU', 'conflict', 'EaP']",945
2020-11-10 09:47:02,"b""How to manage the 'R number' for conflict at work: https://t.co/JrxNDqrZlD #conflict #HR https://t.co/Juv7WW1Urs""",b'HRZone',"['conflict', 'HR']",77650
2020-11-10 09:26:17,"b""Trees Vs Peat? As usual it's just not that simple; bad practice creates conflict and people take sides, whilst landscapes insist on being much more 'blurry' I'd like to understand this better if anyone has links/refs/books?  #trees #peat #landscape #conflict #WhatIsForest https://t.co/B8bVrvbrjT""",b'missjsknight',"['trees', 'peat', 'landscape', 'conflict', 'WhatIsForest']",335
2020-11-10 08:21:00,b'Last week we talked to Louisa Weinstein about conflicts. I can really recommend her book 7 Principles of Conflict Resolution. It provides you with concrete tools to resolve or mediate difficult conversations and conflict situations.   #change #conflict #individualchange',b'MortenKamp',"['change', 'conflict', 'individualchange']",1482
2020-11-10 08:12:03,b'@MaryJoe38642126 @Rep_Watkins @HouseCommerce @HouseAgGOP Please #Cosponsor #HR961 #SafeAct Horses have been #loyal #ally to Man from the beginning of time through #conflict &amp; #wartime Part of our Police Force Used in #therapy BUT they were never meant to be food What a #tragic #betrayal to such a #majestic animal #FriendsNotFood',b'LJPattin1',"['Cosponsor', 'HR961', 'SafeAct', 'loyal', 'ally', 'conflict', 'wartime', 'therapy', 'tragic', 'betrayal', 'majestic', 'FriendsNotFood']",227
2020-11-10 08:10:30,b'@MaryJoe38642126 @RepVanTaylor @HouseCommerce @HouseAgGOP Please #Cosponsor #HR961 #SafeAct Horses have been #loyal #ally to Man from the beginning of time through #conflict &amp; #wartime Part of our Police Force Used in #therapy BUT they were never meant to be food What a #tragic #betrayal to such a #majestic animal #FriendsNotFood',b'LJPattin1',"['Cosponsor', 'HR961', 'SafeAct', 'loyal', 'ally', 'conflict', 'wartime', 'therapy', 'tragic', 'betrayal', 'majestic', 'FriendsNotFood']",227
2020-11-10 08:09:08,b'@MaryJoe38642126 @RepTimmons @HouseCommerce @HouseAgGOP Please #Cosponsor #HR961 #SafeAct Horses have been #loyal #ally to Man from the beginning of time through #conflict &amp; #wartime Part of our Police Force Used in #therapy BUT they were never meant to be food What a #tragic #betrayal to such a #majestic animal #FriendsNotFood',b'LJPattin1',"['Cosponsor', 'HR961', 'SafeAct', 'loyal', 'ally', 'conflict', 'wartime', 'therapy', 'tragic', 'betrayal', 'majestic', 'FriendsNotFood']",227
2020-11-10 08:08:24,b'@MaryJoe38642126 @RepGregSteube @HouseCommerce @HouseAgGOP Please #Cosponsor #HR961 #SafeAct Horses have been #loyal #ally to Man from the beginning of time through #conflict &amp; #wartime Part of our Police Force Used in #therapy BUT they were never meant to be food What a #tragic #betrayal to such a #majestic animal #FriendsNotFood',b'LJPattin1',"['Cosponsor', 'HR961', 'SafeAct', 'loyal', 'ally', 'conflict', 'wartime', 'therapy', 'tragic', 'betrayal', 'majestic', 'FriendsNotFood']",227
2020-11-10 08:07:04,b'@MaryJoe38642126 @RepBryanSteil @HouseCommerce @HouseAgGOP Please #Cosponsor #HR961 #SafeAct Horses have been #loyal #ally to Man from the beginning of time through #conflict &amp; #wartime Part of our Police Force Used in #therapy BUT they were never meant to be food What a #tragic #betrayal to such a #majestic animal #FriendsNotFood',b'LJPattin1',"['Cosponsor', 'HR961', 'SafeAct', 'loyal', 'ally', 'conflict', 'wartime', 'therapy', 'tragic', 'betrayal', 'majestic', 'FriendsNotFood']",227
2020-11-10 08:00:49,"b""6 Nigerians Convicted in UAE Over 'Boko Haram Funding' @daily_trust: https://t.co/13EyVVIm4S #Nigeria #UAE #Bokoharam #militants #conflict #legal #governance https://t.co/m7x3uaZ4qJ""",b'allafrica',"['Nigeria', 'UAE', 'Bokoharam', 'militants', 'conflict', 'legal', 'governance']",424417
2020-11-10 07:26:22,b'Are these people willing to die for Nagorno-Karabakh??? A breakaway region that belongs to Azerbaijan under international law. \xf0\x9f\xa4\x94#azerbaijan #conflict #war #Armenia',b'BahadirUsa',"['azerbaijan', 'conflict', 'war', 'Armenia']",0
2020-11-10 07:25:03,b'Why the World Bank expects extreme poverty to increase dramatically this year  https://t.co/dnjuMadrhs  #WorldBank #poverty #Covid19 #climatechange #conflict @WorldBank https://t.co/wbjVlhGI2x',b'forumdc',"['WorldBank', 'poverty', 'Covid19', 'climatechange', 'conflict']",12012
2020-11-10 07:06:08,b'#Leadership Dreams Can Come True!  #Leaders and #Goals   #Podcast #RunToYourChallenges #LeadershipDevelopment #LeadershipTraining #Entreprenuer #PersonalDevelopment #Mastermind #TeamBuilding #Conflict #Communication https://t.co/VM6aBqNT9u',b'PaulGrauJr',"['Leadership', 'Leaders', 'Goals', 'Podcast', 'RunToYourChallenges', 'LeadershipDevelopment', 'LeadershipTraining', 'Entreprenuer', 'PersonalDevelopment', 'Mastermind', 'TeamBuilding', 'Conflict', 'Communication']",3866
2020-11-10 07:01:35,"b""Armenia, Azerbaijan and Russia said they have signed a deal with to end the military conflict over the Nagorno-Karabakh region after more than a month of bloodshed.  #NewsofBahrain #Armenia #Azerbaijan #Russia #Conflict  Here's the full report :  https://t.co/799WGTJUs1""",b'newsofbahrain',"['NewsofBahrain', 'Armenia', 'Azerbaijan', 'Russia', 'Conflict']",1100
2020-11-10 07:00:48,b'Do you have 7+ years of experience in economic #research and #analysis? #ESCWA is looking for an Economic Affairs Officer to join its \xe2\x80\x9c#Governance and #Conflict Prevention\xe2\x80\x9d cluster!    Check out the #vacancy \xf0\x9f\x91\x89 https://t.co/EUe3fyuO75 and #apply by 1 December! https://t.co/8a0AmBOTeM',b'UNESCWA',"['research', 'analysis', 'ESCWA', 'Governance', 'Conflict', 'vacancy', 'apply']",15220
2020-11-10 06:46:26,"b'...as \xe2\x80\x9cevery threatening situation breeds mistrust, leading people to withdraw into their safety zone.\xe2\x80\x9d (2/2)    #FratelliTutti #PopeFrancis #fraternity #violence #fear #conflict #humanity #humanfamily #TogethernessMakesUsOne'",b'archbombay',"['FratelliTutti', 'PopeFrancis', 'fraternity', 'violence', 'fear', 'conflict', 'humanity', 'humanfamily', 'TogethernessMakesUsOne']",1358
2020-11-10 06:39:11,b'Armenia capitulated! The #war between #Armenia and #Azerbaijan is over. Armenian PM announced on #Facebook that he has signed an #Peace agreement brokered by #Russia with #Azerbaijan to end the #NogornoKarabakh #conflict.   WE WON ELHAMD\xc3\x9cL\xc4\xb0LLAH  \xf0\x9f\x87\xa6\xf0\x9f\x87\xbf  https://t.co/TCHTHHy1mW',b'mkk6701',"['war', 'Armenia', 'Azerbaijan', 'Facebook', 'Peace', 'Russia', 'Azerbaijan', 'NogornoKarabakh', 'conflict']",13
2020-11-10 06:26:47,"b""Frail Flesh https://t.co/IjaoHnRwPh #NovemberwithBambooks Ah! One of many people's favourite. At some point, Frail Flesh was called my best yet! Grab and go. Shikena! #BestRomance #BestBuy #BestRead #Conflict #Forgiveness #Passion @bambookss""",b'Sinmisolaog',"['NovemberwithBambooks', 'BestRomance', 'BestBuy', 'BestRead', 'Conflict', 'Forgiveness', 'Passion']",1602
2020-11-10 06:24:07,"b'""The First One to Scream, Loses - Conflict Management Techniques for Parents"" #ebook https://t.co/CgtwKdoDWo #ChildrensBooks #parenting #lifeskills #feelings #FeelingMyself #spirituality #kidsbooks #selfimprovement #Selfesteem @Asaf_Shani #responsibility #conflict #teens'",b'Asaf_Shani',"['ebook', 'ChildrensBooks', 'parenting', 'lifeskills', 'feelings', 'FeelingMyself', 'spirituality', 'kidsbooks', 'selfimprovement', 'Selfesteem', 'responsibility', 'conflict', 'teens']",55297
2020-11-10 06:23:54,"b'""The Matrix Of Conflict: Escaping the Matrix by understanding why we get trapped in confrontational situations"" #ebook https://t.co/LUuIx0odWj #thematrix #negotiation #conflict #strategy #tactical #Management #selfhelp #winning #iwin #leadership #leadershipskills @Asaf_Shani'",b'Asaf_Shani',"['ebook', 'thematrix', 'negotiation', 'conflict', 'strategy', 'tactical', 'Management', 'selfhelp', 'winning', 'iwin', 'leadership', 'leadershipskills']",55297
2020-11-10 06:23:42,"b'""That\'s No Way To Negotiate! - Common Negotiation Mistakes And What You Can Do To Avoid Them"" #ebook https://t.co/kO0JwqwyYJ #negotiation #conflict #strategy #tactical #Management #selfhelp #winning #iwin @Asaf_Shani'",b'Asaf_Shani',"['ebook', 'negotiation', 'conflict', 'strategy', 'tactical', 'Management', 'selfhelp', 'winning', 'iwin']",55297
2020-11-10 06:23:29,b'The Romance of Ego &amp; Conflict: A Practical-Spiritual Guide For Improving Your Conflict &amp; Negotiation Abilities By Dissolving Your Own Ego #ebook https://t.co/wqSoeQ3s4O #conflict #negotiation #Ego #EGOIST @EckhartTolle #spirituality #selfhelp #personaldevelopment #personalgrowth',b'Asaf_Shani',"['ebook', 'conflict', 'negotiation', 'Ego', 'EGOIST', 'spirituality', 'selfhelp', 'personaldevelopment', 'personalgrowth']",55297
2020-11-10 06:23:16,"b'\xe2\x80\x9cNegotiation Tactics - Levers, Guns &amp; Sanctions: Pre Negotiation Moves to Bring Reluctant Parties to Collaboration\xe2\x80\x9d #ebook https://t.co/cLoSq1on0A #negotiation #conflict #strategy #tactical #Management #selfhelp #winning #iwin @Asaf_Shani'",b'Asaf_Shani',"['ebook', 'negotiation', 'conflict', 'strategy', 'tactical', 'Management', 'selfhelp', 'winning', 'iwin']",55297
2020-11-10 06:23:05,"b'""The I Win Negotiation &amp; Conflict Approach: Compromise Less And Win More with A Better Alternative To The Win-Win Approach"" #ebook  https://t.co/cjUQeJuUy3 #negotiation #conflict #strategy #tactical #Management #selfhelp #winning #iwin @Asaf_Shani'",b'Asaf_Shani',"['ebook', 'negotiation', 'conflict', 'strategy', 'tactical', 'Management', 'selfhelp', 'winning', 'iwin']",55297
2020-11-10 06:22:52,"b'""Negotiation Manipulation Moves: Smart And Acceptable Manipulation Tactics You Can Employ To Turn The Negotiation Odds In Your Favor"" #ebook  https://t.co/AyhhfkOVwm #negotiation #conflict #strategy #tactical #Management #selfhelp #winning @Asaf_Shani'",b'Asaf_Shani',"['ebook', 'negotiation', 'conflict', 'strategy', 'tactical', 'Management', 'selfhelp', 'winning']",55297
2020-11-10 06:22:40,b'\xe2\x80\x9cKid-Friendly Ways to Change Behavior - Fun Conflict Management Tactics for Parents\xe2\x80\x9d https://t.co/UUWFoDW0LL #ebook #conflict #parenting #Parents #education #fun #Selfesteem @Asaf_Shani',b'Asaf_Shani',"['ebook', 'conflict', 'parenting', 'Parents', 'education', 'fun', 'Selfesteem']",55297
2020-11-10 05:00:14,"b'Meanwhile, Armenians are fleeing Nagorno-Karabakh. The disputed region is internationally recognised as part of Azerbaijan but is controlled by ethnic #Armenians.  #Armenia #Karabakh #NagornoKarabakh #NagornoKarabakhWar #conflict  https://t.co/D5n51UwEWw'",b'AnnuKaushik253',"['Armenians', 'Armenia', 'Karabakh', 'NagornoKarabakh', 'NagornoKarabakhWar', 'conflict']",520
2020-11-10 03:56:38,b'Video showing potentially new #weapon being used in the #conflict  #Armenia #Azerbajian #Azerbaijan #NagornoKarabakh #Artsakh #ArtsakhStrong #Russia #Turkey #Yerevan #Baku #Stepanakert #Shusha #Shushi #Moscow #Ankara #Istanbul #Warzone #MiddleEast #ballistic #missile https://t.co/df7OGCsoZq',b'CASELS2020',"['weapon', 'conflict', 'Armenia', 'Azerbajian', 'Azerbaijan', 'NagornoKarabakh', 'Artsakh', 'ArtsakhStrong', 'Russia', 'Turkey', 'Yerevan', 'Baku', 'Stepanakert', 'Shusha', 'Shushi', 'Moscow', 'Ankara', 'Istanbul', 'Warzone', 'MiddleEast', 'ballistic', 'missile']",7
2020-11-10 02:35:11,"b'Respond to a statement thoughtfully, and in a way that will leave the other person impressed #conflict #PeaceChest https://t.co/wsndteoRRt'",b'ksgrossman',"['conflict', 'PeaceChest']",1580
2020-11-10 00:30:00,b'Conflict in your relationship is HEALTHY and NORMAL #conflict #conflictresolution #healthyconflict',b'JrneyToMarriage',"['conflict', 'conflictresolution', 'healthyconflict']",14
2020-11-10 00:24:52,b'\xe2\x80\x9cThe increase in extreme poverty from 2019 to 2020 is projected to be larger than any time since the World Bank started tracking poverty globally in a consistent manner.\xe2\x80\x9d #COVID19 risks 30 yrs of poverty decline already slowed down by #conflict &amp; #climate @MoazzamTMalik @rglenner https://t.co/FxC35HLMNP',b'AsthanaRoli',"['COVID19', 'conflict', 'climate']",372
2020-11-10 00:06:41,b'Peace deal between #Armenia and #Azerbaizan to end #conflict in #NagornoKarabaj. It is suprising given Azeri military gains. The terms will be crucial- when we have them we will be able to tell if peace is viable in the region. https://t.co/InBv2oRsTq',b'Alexandros_Ale',"['Armenia', 'Azerbaizan', 'conflict', 'NagornoKarabaj']",316
2020-11-09 22:30:22,"b'You can access recordings of the @WorklogicAU  free #webinar series and watch them anytime, on demand and share the insights you gain with your colleagues! Topics include #workplaceinvestigations #bullying #whistleblowers #managementskills #conflict &amp; more https://t.co/lqlDZXgnTA'",b'WorklogicAU',"['webinar', 'workplaceinvestigations', 'bullying', 'whistleblowers', 'managementskills', 'conflict']",237
2020-11-09 22:18:21,b'Can anyone inform me as to what has happened to the civilians of Shusha? #Armenia #Azerbaijan #Shushi #conflict',b'JohnnyW41453670',"['Armenia', 'Azerbaijan', 'Shushi', 'conflict']",1
